北京大学,北京,本科
中国人民大学,北京,本科
清华大学,北京,本科
北京交通大学,北京,本科
北京科技大学,北京,本科
北京化工大学,北京,本科
北京邮电大学,北京,本科
中国农业大学,北京,本科
北京林业大学,北京,本科
北京中医药大学,北京,本科
北京师范大学,北京,本科
北京外国语大学,北京,本科
北京语言大学,北京,本科
中央财经大学,北京,本科
对外经济贸易大学,北京,本科
中国政法大学,北京,本科
华北电力大学,北京,本科
中国石油大学,北京,本科
中央民族大学,北京,本科
中国人民公安大学,北京,本科
北京协和医学院,北京,本科
北京体育大学,北京,本科
北京航空航天大学,北京,本科
北京理工大学,北京,本科
中国科学院大学,北京,本科
北京工业大学,北京,本科
北方工业大学,北京,本科
北京工商大学,北京,本科
北京建筑大学,北京,本科
首都医科大学,北京,本科
首都师范大学,北京,本科
首都经济贸易大学,北京,本科
北京信息科技大学,北京,本科
北京联合大学,北京,本科
中国传媒大学,北京,本科
国际关系学院,北京,本科
中央音乐学院,北京,本科
中央美术学院,北京,本科
中央戏剧学院,北京,本科
北京电子科技学院,北京,本科
外交学院,北京,本科
中国劳动关系学院,北京,本科
中国青年政治学院,北京,本科
中华女子学院,北京,本科
北京服装学院,北京,本科
北京印刷学院,北京,本科
北京石油化工学院,北京,本科
北京农学院,北京,本科
首都体育学院,北京,本科
北京第二外国语学院,北京,本科
北京物资学院,北京,本科
中国音乐学院,北京,本科
中国戏曲学院,北京,本科
北京电影学院,北京,本科
北京舞蹈学院,北京,本科
北京城市学院,北京,本科
首钢工学院,北京,本科
北京警察学院,北京,本科
北京青年政治学院,北京,专科
北京工业职业技术学院,北京,专科
北京信息职业技术学院,北京,专科
北京电子科技职业学院,北京,专科
北京吉利大学,北京,专科
北京社会管理职业学院,北京,专科
北京新圆明职业学院,北京,专科
北京体育职业学院,北京,专科
北京交通运输职业学院,北京,专科
北京卫生职业学院,北京,专科
北京京北职业技术学院,北京,专科
北京交通职业技术学院,北京,专科
北京农业职业学院,北京,专科
北京政法职业学院,北京,专科
北京财贸职业学院,北京,专科
北京北大方正软件职业技术学院,北京,专科
北京经贸职业学院,北京,专科
北京经济技术职业学院,北京,专科
北京戏曲艺术职业学院,北京,专科
北京汇佳职业学院,北京,专科
北京现代职业技术学院,北京,专科
北京科技经营管理学院,北京,专科
北京科技职业学院,北京,专科
北京培黎职业学院,北京,专科
北京经济管理职业学院,北京,专科
北京劳动保障职业学院,北京,专科
南开大学,天津,本科
天津大学,天津,本科
中国民航大学,天津,本科
天津科技大学,天津,本科
天津工业大学,天津,本科
天津理工大学,天津,本科
天津医科大学,天津,本科
天津中医药大学,天津,本科
天津师范大学,天津,本科
天津职业技术师范大学,天津,本科
天津外国语大学,天津,本科
天津商业大学,天津,本科
天津财经大学,天津,本科
天津城建大学,天津,本科
天津农学院,天津,本科
天津体育学院,天津,本科
天津音乐学院,天津,本科
天津美术学院,天津,本科
天津天狮学院,天津,本科
天津医学高等专科学校,天津,专科
天津市职业大学,天津,专科
天津商务职业学院,天津,专科
天津广播影视职业学院,天津,专科
天津中德职业技术学院,天津,专科
天津滨海职业学院,天津,专科
天津工程职业技术学院,天津,专科
天津青年职业学院,天津,专科
天津渤海职业技术学院,天津,专科
天津电子信息职业技术学院,天津,专科
天津机电职业技术学院,天津,专科
天津现代职业技术学院,天津,专科
天津公安警官职业学院,天津,专科
天津轻工职业技术学院,天津,专科
天津国土资源和房屋职业学院,天津,专科
天津开发区职业技术学院,天津,专科
天津艺术职业学院,天津,专科
天津交通职业学院,天津,专科
天津冶金职业技术学院,天津,专科
天津石油职业技术学院,天津,专科
天津城市职业学院,天津,专科
天津铁道职业技术学院,天津,专科
天津工艺美术职业学院,天津,专科
天津城市建设管理职业技术学院,天津,专科
天津生物工程职业技术学院,天津,专科
天津海运职业学院,天津,专科
河北大学,河北,本科
河北工程大学,河北,本科
河北工业大学,天津,本科
河北联合大学,河北,本科
河北科技大学,河北,本科
河北农业大学,河北,本科
河北医科大学,河北,本科
河北师范大学,河北,本科
石家庄铁道大学,河北,本科
燕山大学,河北,本科
河北经贸大学,河北,本科
中国人民武装警察部队学院,河北,本科
中央司法警官学院,河北,本科
防灾科技学院,河北,本科
华北科技学院,河北,本科
石家庄经济学院,河北,本科
河北建筑工程学院,河北,本科
河北北方学院,河北,本科
承德医学院,河北,本科
保定学院,河北,本科
河北民族师范学院,河北,本科
唐山师范学院,河北,本科
廊坊师范学院,河北,本科
衡水学院,河北,本科
石家庄学院,河北,本科
邯郸学院,河北,本科
邢台学院,河北,本科
沧州师范学院,河北,本科
河北科技师范学院,河北,本科
唐山学院,河北,本科
河北体育学院,河北,本科
河北金融学院,河北,本科
北华航天工业学院,河北,本科
河北美术学院,河北,本科
河北科技学院,河北,本科
河北外国语学院,河北,本科
燕京理工学院,河北,本科
河北中医学院,河北,本科
张家口学院,河北,本科
河北传媒学院,河北,本科
河北工程技术高等专科学校,河北,专科
承德石油高等专科学校,河北,专科
石家庄人民医学高等专科学校,河北,专科
石家庄幼儿师范高等专科学校,河北,专科
保定幼儿师范高等专科学校,河北,专科
邢台医学高等专科学校,河北,专科
沧州医学高等专科学校,河北,专科
石家庄医学高等专科学校,河北,专科
河北工业职业技术学院,河北,专科
邯郸职业技术学院,河北,专科
石家庄职业技术学院,河北,专科
张家口职业技术学院,河北,专科
邢台职业技术学院,河北,专科
石家庄工程职业学院,河北,专科
石家庄城市经济职业学院,河北,专科
石家庄城市职业学院,河北,专科
河北旅游职业学院,河北,专科
石家庄财经职业学院,河北,专科
河北外国语职业学院,河北,专科
石家庄邮电职业技术学院,河北,专科
石家庄理工职业学院,河北,专科
石家庄经济职业学院,河北,专科
冀中职业学院,河北,专科
石家庄科技工程职业学院,河北,专科
河北劳动关系职业学院,河北,专科
石家庄科技职业学院,河北,专科
廊坊东方职业技术学院,河北,专科
泊头职业学院,河北,专科
宣化科技职业学院,河北,专科
廊坊燕京职业技术学院,河北,专科
承德护理职业学院,河北,专科
廊坊卫生职业学院,河北,专科
河北轨道运输职业技术学院,河北,专科
河北工艺美术职业学院,河北,专科
渤海理工职业学院,河北,专科
河北软件职业技术学院,河北,专科
河北石油职业技术学院,河北,专科
河北建材职业技术学院,河北,专科
河北政法职业学院,河北,专科
沧州职业技术学院,河北,专科
河北能源职业技术学院,河北,专科
石家庄铁路职业技术学院,河北,专科
保定职业技术学院,河北,专科
秦皇岛职业技术学院,河北,专科
唐山职业技术学院,河北,专科
衡水职业技术学院,河北,专科
唐山工业职业技术学院,河北,专科
河北省艺术职业学院,河北,专科
河北交通职业技术学院,河北,专科
河北化工医药职业技术学院,河北,专科
石家庄信息工程职业学院,河北,专科
保定电力职业技术学院,河北,专科
河北机电职业技术学院,河北,专科
渤海石油职业学院,河北,专科
廊坊职业技术学院,河北,专科
唐山科技职业技术学院,河北,专科
河北公安警察职业学院,河北,专科
石家庄工商职业学院,河北,专科
石家庄科技信息职业学院,河北,专科
河北司法警官职业学院,河北,专科
河北女子职业技术学院,河北,专科
山西大学,山西,本科
太原科技大学,山西,本科
中北大学,山西,本科
太原理工大学,山西,本科
山西农业大学,山西,本科
山西医科大学,山西,本科
山西师范大学,山西,本科
山西大同大学,山西,本科
山西财经大学,山西,本科
长治医学院,山西,本科
太原师范学院,山西,本科
晋中学院,山西,本科
长治学院,山西,本科
运城学院,山西,本科
忻州师范学院,山西,本科
山西中医学院,山西,本科
吕梁学院,山西,本科
太原学院,山西,本科
山西工商学院,山西,本科
太原工业学院,山西,本科
山西传媒学院,山西,本科
太原电力高等专科学校,山西,专科
山西省财政税务专科学校,山西,专科
晋中师范高等专科学校,山西,专科
阳泉师范高等专科学校,山西,专科
运城师范高等专科学校,山西,专科
朔州师范高等专科学校,山西,专科
山西警官高等专科学校,山西,专科
运城幼儿师范高等专科学校,山西,专科
山西药科职业学院,山西,专科
大同煤炭职业技术学院,山西,专科
山西职业技术学院,山西,专科
山西同文职业技术学院,山西,专科
山西老区职业技术学院,山西,专科
山西经贸职业学院,山西,专科
朔州职业技术学院,山西,专科
运城职业技术学院,山西,专科
山西轻工职业技术学院,山西,专科
山西青年职业学院,山西,专科
运城护理职业学院,山西,专科
长治职业技术学院,山西,专科
山西艺术职业学院,山西,专科
晋城职业技术学院,山西,专科
山西建筑职业技术学院,山西,专科
山西工程职业技术学院,山西,专科
山西交通职业技术学院,山西,专科
山西兴华职业学院,山西,专科
山西机电职业技术学院,山西,专科
山西戏剧职业学院,山西,专科
山西财贸职业技术学院,山西,专科
山西林业职业技术学院,山西,专科
山西水利职业技术学院,山西,专科
阳泉职业技术学院,山西,专科
临汾职业技术学院,山西,专科
山西煤炭职业技术学院,山西,专科
山西金融职业学院,山西,专科
太原城市职业技术学院,山西,专科
山西信息职业技术学院,山西,专科
山西体育职业学院,山西,专科
山西警官职业学院,山西,专科
山西国际商务职业学院,山西,专科
潞安职业技术学院,山西,专科
太原旅游职业学院,山西,专科
山西旅游职业学院,山西,专科
山西管理职业学院,山西,专科
山西电力职业技术学院,山西,专科
忻州职业技术学院,山西,专科
晋中职业技术学院,山西,专科
山西华澳商贸职业学院,山西,专科
山西运城农业职业技术学院,山西,专科
内蒙古大学,内蒙古,本科
内蒙古科技大学,内蒙古,本科
内蒙古工业大学,内蒙古,本科
内蒙古农业大学,内蒙古,本科
内蒙古医科大学,内蒙古,本科
内蒙古师范大学,内蒙古,本科
内蒙古民族大学,内蒙古,本科
内蒙古财经大学,内蒙古,本科
赤峰学院,内蒙古,本科
呼伦贝尔学院,内蒙古,本科
集宁师范学院,内蒙古,本科
河套学院,内蒙古,本科
呼和浩特民族学院,内蒙古,本科
乌兰察布医学高等专科学校,内蒙古,专科
内蒙古民族幼儿师范高等专科学校,内蒙古,专科
内蒙古建筑职业技术学院,内蒙古,专科
内蒙古丰州职业学院,内蒙古,专科
包头职业技术学院,内蒙古,专科
内蒙古科技职业学院,内蒙古,专科
内蒙古北方职业技术学院,内蒙古,专科
赤峰职业技术学院,内蒙古,专科
内蒙古经贸外语职业学院,内蒙古,专科
包头铁道职业技术学院,内蒙古,专科
鄂尔多斯职业学院,内蒙古,专科
内蒙古工业职业学院,内蒙古,专科
呼伦贝尔职业技术学院,内蒙古,专科
满洲里俄语职业学院,内蒙古,专科
内蒙古能源职业学院,内蒙古,专科
赤峰工业职业技术学院,内蒙古,专科
阿拉善职业技术学院,内蒙古,专科
内蒙古美术职业学院,内蒙古,专科
兴安职业技术学院,内蒙古,专科
呼和浩特职业学院,内蒙古,专科
包头轻工职业技术学院,内蒙古,专科
内蒙古电子信息职业技术学院,内蒙古,专科
内蒙古机电职业技术学院,内蒙古,专科
内蒙古化工职业学院,内蒙古,专科
内蒙古商贸职业学院,内蒙古,专科
锡林郭勒职业学院,内蒙古,专科
内蒙古警察职业学院,内蒙古,专科
内蒙古体育职业学院,内蒙古,专科
乌兰察布职业学院,内蒙古,专科
通辽职业学院,内蒙古,专科
科尔沁艺术职业学院,内蒙古,专科
内蒙古交通职业技术学院,内蒙古,专科
包头钢铁职业技术学院,内蒙古,专科
乌海职业技术学院,内蒙古,专科
大连理工大学,辽宁,本科
东北大学,辽宁,本科
大连海事大学,辽宁,本科
辽宁大学,辽宁,本科
沈阳工业大学,辽宁,本科
沈阳航空航天大学,辽宁,本科
沈阳理工大学,辽宁,本科
辽宁科技大学,辽宁,本科
辽宁工程技术大学,辽宁,本科
辽宁石油化工大学,辽宁,本科
沈阳化工大学,辽宁,本科
大连交通大学,辽宁,本科
大连工业大学,辽宁,本科
沈阳建筑大学,辽宁,本科
辽宁工业大学,辽宁,本科
沈阳农业大学,辽宁,本科
大连海洋大学,辽宁,本科
中国医科大学,辽宁,本科
大连医科大学,辽宁,本科
辽宁中医药大学,辽宁,本科
沈阳药科大学,辽宁,本科
辽宁师范大学,辽宁,本科
沈阳师范大学,辽宁,本科
渤海大学,辽宁,本科
大连外国语大学,辽宁,本科
东北财经大学,辽宁,本科
沈阳大学,辽宁,本科
大连大学,辽宁,本科
大连民族学院,辽宁,本科
中国刑事警察学院,辽宁,本科
辽宁医学院,辽宁,本科
沈阳医学院,辽宁,本科
鞍山师范学院,辽宁,本科
沈阳体育学院,辽宁,本科
沈阳音乐学院,辽宁,本科
鲁迅美术学院,辽宁,本科
辽宁科技学院,辽宁,本科
沈阳工程学院,辽宁,本科
辽东学院,辽宁,本科
沈阳工学院,辽宁,本科
大连科技学院,辽宁,本科
沈阳城市建设学院,辽宁,本科
大连财经学院,辽宁,本科
沈阳城市学院,辽宁,本科
大连艺术学院,辽宁,本科
辽宁何氏医学院,辽宁,本科
大连东软信息学院,辽宁,本科
辽宁财贸学院,辽宁,本科
营口理工学院,辽宁,本科
辽宁对外经贸学院,辽宁,本科
朝阳师范高等专科学校,辽宁,专科
抚顺师范高等专科学校,辽宁,专科
锦州师范高等专科学校,辽宁,专科
铁岭师范高等专科学校,辽宁,专科
阜新高等专科学校,辽宁,专科
辽宁警官高等专科学校,辽宁,专科
辽宁交通高等专科学校,辽宁,专科
辽宁税务高等专科学校,辽宁,专科
辽宁民族师范高等专科学校,辽宁,专科
大连职业技术学院,辽宁,专科
抚顺职业技术学院,辽宁,专科
辽宁农业职业技术学院,辽宁,专科
盘锦职业技术学院,辽宁,专科
辽宁理工职业学院,辽宁,专科
辽宁轨道交通职业学院,辽宁,专科
辽宁地质工程职业学院,辽宁,专科
辽宁铁道职业技术学院,辽宁,专科
辽宁建筑职业学院,辽宁,专科
大连航运职业技术学院,辽宁,专科
大连装备制造职业技术学院,辽宁,专科
大连汽车职业技术学院,辽宁,专科
辽宁现代服务职业技术学院,辽宁,专科
辽宁冶金职业技术学院,辽宁,专科
辽宁工程职业学院,辽宁,专科
辽宁城市建设职业技术学院,辽宁,专科
辽宁卫生职业技术学院,辽宁,专科
铁岭卫生职业学院,辽宁,专科
沈阳北软信息职业技术学院,辽宁,专科
辽宁政法职业学院,辽宁,专科
辽宁轻工职业学院,辽宁,专科
辽宁水利职业学院,辽宁,专科
营口职业技术学院,辽宁,专科
辽阳职业技术学院,辽宁,专科
沈阳航空职业技术学院,辽宁,专科
辽宁体育运动职业技术学院,辽宁,专科
辽宁职业学院,辽宁,专科
辽宁林业职业技术学院,辽宁,专科
沈阳职业技术学院,辽宁,专科
大连商务职业学院,辽宁,专科
辽宁金融职业学院,辽宁,专科
辽宁广告职业学院,辽宁,专科
辽宁机电职业技术学院,辽宁,专科
辽宁经济职业技术学院,辽宁,专科
辽宁石化职业技术学院,辽宁,专科
渤海船舶职业学院,辽宁,专科
辽宁美术职业学院,辽宁,专科
大连软件职业学院,辽宁,专科
大连翻译职业学院,辽宁,专科
辽宁商贸职业学院,辽宁,专科
大连枫叶职业技术学院,辽宁,专科
辽宁装备制造职业技术学院,辽宁,专科
辽河石油职业技术学院,辽宁,专科
吉林大学,吉林,本科
东北师范大学,吉林,本科
延边大学,吉林,本科
长春理工大学,吉林,本科
长春工业大学,吉林,本科
吉林建筑大学,吉林,本科
吉林农业大学,吉林,本科
长春中医药大学,吉林,本科
北华大学,吉林,本科
吉林师范大学,吉林,本科
长春师范大学,吉林,本科
吉林财经大学,吉林,本科
长春大学,吉林,本科
东北电力大学,吉林,本科
吉林化工学院,吉林,本科
通化师范学院,吉林,本科
吉林工程技术师范学院,吉林,本科
白城师范学院,吉林,本科
吉林体育学院,吉林,本科
吉林艺术学院,吉林,本科
吉林华桥外国语学院,吉林,本科
吉林工商学院,吉林,本科
长春工程学院,吉林,本科
吉林农业科技学院,吉林,本科
吉林警察学院,吉林,本科
长春光华学院,吉林,本科
长春建筑学院,吉林,本科
长春科技学院,吉林,本科
吉林动画学院,吉林,本科
吉林医药学院,吉林,本科
长春汽车工业高等专科学校,吉林,专科
长春金融高等专科学校,吉林,专科
长春医学高等专科学校,吉林,专科
白城医学高等专科学校,吉林,专科
辽源职业技术学院,吉林,专科
四平职业大学,吉林,专科
吉林交通职业技术学院,吉林,专科
吉林铁道职业技术学院,吉林,专科
白城职业技术学院,吉林,专科
长白山职业技术学院,吉林,专科
吉林科技职业技术学院,吉林,专科
延边职业技术学院,吉林,专科
吉林城市职业技术学院,吉林,专科
长春东方职业学院,吉林,专科
吉林司法警官职业学院,吉林,专科
吉林电子信息职业技术学院,吉林,专科
吉林工业职业技术学院,吉林,专科
吉林农业工程职业技术学院,吉林,专科
长春职业技术学院,吉林,专科
长春信息技术职业学院,吉林,专科
松原职业技术学院,吉林,专科
东北林业大学,黑龙江,本科
哈尔滨工业大学,黑龙江,本科
哈尔滨工程大学,黑龙江,本科
黑龙江大学,黑龙江,本科
哈尔滨理工大学,黑龙江,本科
黑龙江科技大学,黑龙江,本科
东北石油大学,黑龙江,本科
佳木斯大学,黑龙江,本科
黑龙江八一农垦大学,黑龙江,本科
东北农业大学,黑龙江,本科
哈尔滨医科大学,黑龙江,本科
黑龙江中医药大学,黑龙江,本科
哈尔滨师范大学,黑龙江,本科
齐齐哈尔大学,黑龙江,本科
哈尔滨商业大学,黑龙江,本科
牡丹江医学院,黑龙江,本科
牡丹江师范学院,黑龙江,本科
大庆师范学院,黑龙江,本科
绥化学院,黑龙江,本科
哈尔滨体育学院,黑龙江,本科
哈尔滨金融学院,黑龙江,本科
哈尔滨学院,黑龙江,本科
齐齐哈尔医学院,黑龙江,本科
黑龙江工程学院,黑龙江,本科
黑龙江工业学院,黑龙江,本科
黑龙江东方学院,黑龙江,本科
齐齐哈尔工程学院,黑龙江,本科
黑龙江外国语学院,黑龙江,本科
黑龙江财经学院,黑龙江,本科
哈尔滨石油学院,黑龙江,本科
哈尔滨远东理工学院,黑龙江,本科
哈尔滨剑桥学院,黑龙江,本科
哈尔滨广厦学院,黑龙江,本科
哈尔滨华德学院,黑龙江,本科
黑河学院,黑龙江,本科
齐齐哈尔高等师范专科学校,黑龙江,专科
黑龙江护理高等专科学校,黑龙江,专科
哈尔滨幼儿师范高等专科学校,黑龙江,专科
鹤岗师范高等专科学校,黑龙江,专科
大庆医学高等专科学校,黑龙江,专科
黑龙江幼儿师范高等专科学校,黑龙江,专科
伊春职业学院,黑龙江,专科
牡丹江大学,黑龙江,专科
黑龙江职业学院,黑龙江,专科
黑龙江建筑职业技术学院,黑龙江,专科
哈尔滨传媒职业学院,黑龙江,专科
哈尔滨江南职业技术学院,黑龙江,专科
黑龙江农垦科技职业学院,黑龙江,专科
黑龙江交通职业技术学院,黑龙江,专科
哈尔滨应用职业技术学院,黑龙江,专科
哈尔滨科学技术职业学院,黑龙江,专科
黑龙江粮食职业学院,黑龙江,专科
佳木斯职业学院,黑龙江,专科
哈尔滨工程技术职业学院,黑龙江,专科
齐齐哈尔理工职业学院,黑龙江,专科
哈尔滨华夏计算机职业技术学院,黑龙江,专科
黑龙江艺术职业学院,黑龙江,专科
大庆职业学院,黑龙江,专科
黑龙江林业职业技术学院,黑龙江,专科
黑龙江农业职业技术学院,黑龙江,专科
黑龙江农业工程职业学院,黑龙江,专科
黑龙江农垦职业学院,黑龙江,专科
黑龙江司法警官职业学院,黑龙江,专科
哈尔滨电力职业技术学院,黑龙江,专科
哈尔滨铁道职业技术学院,黑龙江,专科
大兴安岭职业学院,黑龙江,专科
黑龙江农业经济职业学院,黑龙江,专科
哈尔滨职业技术学院,黑龙江,专科
黑龙江生物科技职业学院,黑龙江,专科
黑龙江商业职业学院,黑龙江,专科
黑龙江公安警官职业学院,黑龙江,专科
黑龙江信息技术职业学院,黑龙江,专科
黑龙江旅游职业技术学院,黑龙江,专科
黑龙江三江美术职业学院,黑龙江,专科
黑龙江生态工程职业学院,黑龙江,专科
黑龙江煤炭职业技术学院,黑龙江,专科
七台河职业学院,黑龙江,专科
黑龙江民族职业学院,黑龙江,专科
复旦大学,上海,本科
同济大学,上海,本科
上海交通大学,上海,本科
华东理工大学,上海,本科
东华大学,上海,本科
华东师范大学,上海,本科
上海外国语大学,上海,本科
上海财经大学,上海,本科
上海理工大学,上海,本科
上海海事大学,上海,本科
上海海洋大学,上海,本科
上海中医药大学,上海,本科
上海师范大学,上海,本科
上海对外经贸大学,上海,本科
华东政法大学,上海,本科
上海大学,上海,本科
上海工程技术大学,上海,本科
上海纽约大学,上海,本科
上海海关学院,上海,本科
上海电力学院,上海,本科
上海应用技术学院,上海,本科
上海体育学院,上海,本科
上海音乐学院,上海,本科
上海戏剧学院,上海,本科
上海立信会计学院,上海,本科
上海电机学院,上海,本科
上海金融学院,上海,本科
上海杉达学院,上海,本科
上海商学院,上海,本科
上海视觉艺术学院,上海,本科
上海政法学院,上海,本科
上海第二工业大学,上海,本科
上海建桥学院,上海,本科
上海医疗器械高等专科学校,上海,专科
上海旅游高等专科学校,上海,专科
上海公安高等专科学校,上海,专科
上海出版印刷高等专科学校,上海,专科
上海医药高等专科学校,上海,专科
上海民航职业技术学院,上海,专科
上海东海职业技术学院,上海,专科
上海新侨职业技术学院,上海,专科
上海兴韦信息技术职业学院,上海,专科
上海体育职业学院,上海,专科
上海健康职业技术学院,上海,专科
上海行健职业学院,上海,专科
上海城市管理职业技术学院,上海,专科
上海交通职业技术学院,上海,专科
上海海事职业技术学院,上海,专科
上海电子信息职业技术学院,上海,专科
上海震旦职业学院,上海,专科
上海民远职业技术学院,上海,专科
上海欧华职业技术学院,上海,专科
上海思博职业技术学院,上海,专科
上海立达职业技术学院,上海,专科
上海工艺美术职业学院,上海,专科
上海济光职业技术学院,上海,专科
上海工商外国语职业学院,上海,专科
上海科学技术职业学院,上海,专科
上海农林职业技术学院,上海,专科
上海邦德职业技术学院,上海,专科
上海中侨职业技术学院,上海,专科
上海建峰职业技术学院,上海,专科
上海电影艺术职业学院,上海,专科
上海中华职业技术学院,上海,专科
上海工会管理职业学院,上海,专科
南京大学,江苏,本科
东南大学,江苏,本科
中国矿业大学,江苏,本科
河海大学,江苏,本科
南京农业大学,江苏,本科
中国药科大学,江苏,本科
江南大学,江苏,本科
南京航空航天大学,江苏,本科
南京理工大学,江苏,本科
苏州大学,江苏,本科
江苏科技大学,江苏,本科
南京工业大学,江苏,本科
常州大学,江苏,本科
南京邮电大学,江苏,本科
南京林业大学,江苏,本科
江苏大学,江苏,本科
南通大学,江苏,本科
南京医科大学,江苏,本科
南京中医药大学,江苏,本科
南京师范大学,江苏,本科
江苏师范大学,江苏,本科
南京财经大学,江苏,本科
扬州大学,江苏,本科
西交利物浦大学,江苏,本科
南京森林警察学院,江苏,本科
南京信息工程大学,江苏,本科
盐城工学院,江苏,本科
徐州医学院,江苏,本科
苏州科技学院,江苏,本科
淮阴师范学院,江苏,本科
盐城师范学院,江苏,本科
江苏警官学院,江苏,本科
南京体育学院,江苏,本科
南京艺术学院,江苏,本科
常熟理工学院,江苏,本科
金陵科技学院,江苏,本科
淮阴工学院,江苏,本科
徐州工程学院,江苏,本科
常州工学院,江苏,本科
三江学院,江苏,本科
南京工程学院,江苏,本科
南京审计学院,江苏,本科
南京晓庄学院,江苏,本科
江苏理工学院,江苏,本科
淮海工学院,江苏,本科
泰州学院,江苏,本科
无锡太湖学院,江苏,本科
江苏第二师范学院,江苏,本科
镇江市高等专科学校,江苏,专科
徐州幼儿师范高等专科学校,江苏,专科
连云港师范高等专科学校,江苏,专科
江苏城市职业学院,江苏,专科
民办明达职业技术学院,江苏,专科
无锡职业技术学院,江苏,专科
江苏建筑职业技术学院,江苏,专科
南京工业职业技术学院,江苏,专科
南通纺织职业技术学院,江苏,专科
苏州工艺美术职业技术学院,江苏,专科
连云港职业技术学院,江苏,专科
南通职业大学,江苏,专科
苏州职业大学,江苏,专科
沙洲职业工学院,江苏,专科
扬州市职业大学,江苏,专科
泰州职业技术学院,江苏,专科
盐城卫生职业技术学院,江苏,专科
苏州卫生职业技术学院,江苏,专科
江苏农牧科技职业学院,江苏,专科
江苏食品药品职业技术学院,江苏,专科
盐城工业职业技术学院,江苏,专科
南京城市职业学院,江苏,专科
南京机电职业技术学院,江苏,专科
苏州高博软件技术职业学院,江苏,专科
南京旅游职业学院,江苏,专科
江苏建康职业学院,江苏,专科
苏州信息职业技术学院,江苏,专科
宿迁泽达职业技术学院,江苏,专科
苏州工业园区服务外包职业学院,江苏,专科
徐州生物工程职业技术学院,江苏,专科
江苏商贸职业学院,江苏,专科
江苏经贸职业技术学院,江苏,专科
南京特殊教育职业技术学院,江苏,专科
九州职业技术学院,江苏,专科
紫琅职业技术学院,江苏,专科
硅湖职业技术学院,江苏,专科
常州信息职业技术学院,江苏,专科
江苏联合职业技术学院,江苏,专科
江苏海事职业技术学院,江苏,专科
应天职业技术学院,江苏,专科
无锡科技职业学院,江苏,专科
扬州环境资源职业技术学院,江苏,专科
南通农业职业技术学院,江苏,专科
苏州经贸职业技术学院,江苏,专科
苏州工业职业技术学院,江苏,专科
苏州托普信息职业技术学院,江苏,专科
无锡商业职业技术学院,江苏,专科
南通航运职业技术学院,江苏,专科
南京交通职业技术学院,江苏,专科
淮安信息职业技术学院,江苏,专科
常州纺织服装职业技术学院,江苏,专科
苏州农业职业技术学院,江苏,专科
苏州工业园区职业技术学院,江苏,专科
太湖创意职业技术学院,江苏,专科
炎黄职业技术学院,江苏,专科
南京化工职业技术学院,江苏,专科
正德职业技术学院,江苏,专科
钟山职业技术学院,江苏,专科
无锡南洋职业技术学院,江苏,专科
江南影视艺术职业学院,江苏,专科
金肯职业技术学院,江苏,专科
常州轻工职业技术学院,江苏,专科
常州工程职业技术学院,江苏,专科
江苏农林职业技术学院,江苏,专科
建东职业技术学院,江苏,专科
南京铁道职业技术学院,江苏,专科
徐州工业职业技术学院,江苏,专科
江苏信息职业技术学院,江苏,专科
宿迁职业技术学院,江苏,专科
南京信息职业技术学院,江苏,专科
江海职业技术学院,江苏,专科
常州机电职业技术学院,江苏,专科
江阴职业技术学院,江苏,专科
无锡城市职业技术学院,江苏,专科
无锡工艺职业技术学院,江苏,专科
金山职业技术学院,江苏,专科
健雄职业技术学院,江苏,专科
江苏财经职业技术学院,江苏,专科
扬州工业职业技术学院,江苏,专科
苏州港大思培科技职业学院,江苏,专科
昆山登云科技职业学院,江苏,专科
南京视觉艺术职业学院,江苏,专科
浙江大学,浙江,本科
杭州电子科技大学,浙江,本科
浙江工业大学,浙江,本科
浙江理工大学,浙江,本科
浙江农林大学,浙江,本科
温州医科大学,浙江,本科
浙江中医药大学,浙江,本科
浙江师范大学,浙江,本科
杭州师范大学,浙江,本科
浙江工商大学,浙江,本科
温州大学,浙江,本科
浙江财经大学,浙江,本科
宁波大学,浙江,本科
宁波诺丁汉大学,浙江,本科
公安海警学院,浙江,本科
浙江海洋学院,浙江,本科
湖州师范学院,浙江,本科
绍兴文理学院,浙江,本科
台州学院,浙江,本科
丽水学院,浙江,本科
嘉兴学院,浙江,本科
中国美术学院,浙江,本科
中国计量学院,浙江,本科
浙江万里学院,浙江,本科
浙江科技学院,浙江,本科
宁波工程学院,浙江,本科
浙江水利水电学院,浙江,本科
浙江警察学院,浙江,本科
衢州学院,浙江,本科
浙江传媒学院,浙江,本科
浙江树人学院,浙江,本科
浙江越秀外国语学院,浙江,本科
宁波大红鹰学院,浙江,本科
浙江外国语学院,浙江,本科
浙江医药高等专科学校,浙江,专科
浙江医学高等专科学校,浙江,专科
宁波职业技术学院,浙江,专科
温州职业技术学院,浙江,专科
浙江交通职业技术学院,浙江,专科
金华职业技术学院,浙江,专科
浙江电力职业技术学院,浙江,专科
浙江同济科技职业学院,浙江,专科
绍兴职业技术学院,浙江,专科
杭州科技职业技术学院,浙江,专科
浙江邮电职业技术学院,浙江,专科
宁波卫生职业技术学院,浙江,专科
台州科技职业学院,浙江,专科
浙江国际海运职业技术学院,浙江,专科
浙江体育职业技术学院,浙江,专科
温州科技职业学院,浙江,专科
浙江汽车职业技术学院,浙江,专科
浙江横店影视职业学院,浙江,专科
浙江农业商贸职业学院,浙江,专科
宁波城市职业技术学院,浙江,专科
浙江工商职业技术学院,浙江,专科
台州职业技术学院,浙江,专科
浙江工贸职业技术学院,浙江,专科
浙江机电职业技术学院,浙江,专科
浙江建设职业技术学院,浙江,专科
浙江艺术职业学院,浙江,专科
浙江经贸职业技术学院,浙江,专科
浙江商业职业技术学院,浙江,专科
浙江经济职业技术学院,浙江,专科
浙江旅游职业学院,浙江,专科
浙江育英职业技术学院,浙江,专科
浙江警官职业学院,浙江,专科
浙江金融职业学院,浙江,专科
浙江工业职业技术学院,浙江,专科
杭州职业技术学院,浙江,专科
嘉兴职业技术学院,浙江,专科
湖州职业技术学院,浙江,专科
衢州职业技术学院,浙江,专科
丽水职业技术学院,浙江,专科
浙江东方职业技术学院,浙江,专科
义乌工商职业技术学院,浙江,专科
浙江纺织服装职业技术学院,浙江,专科
浙江长征职业技术学院,浙江,专科
嘉兴南洋职业技术学院,浙江,专科
浙江广厦建设职业技术学院,浙江,专科
杭州万向职业技术学院,浙江,专科
合肥工业大学,安徽,本科
中国科学技术大学,安徽,本科
安徽工业大学,安徽,本科
安徽大学,安徽,本科
安徽理工大学,安徽,本科
安徽工程大学,安徽,本科
安徽农业大学,安徽,本科
安徽医科大学,安徽,本科
安徽中医药大学,安徽,本科
安徽师范大学,安徽,本科
淮北师范大学,安徽,本科
安徽财经大学,安徽,本科
安徽建筑大学,安徽,本科
蚌埠医学院,安徽,本科
皖南医学院,安徽,本科
阜阳师范学院,安徽,本科
安庆师范学院,安徽,本科
黄山学院,安徽,本科
皖西学院,安徽,本科
滁州学院,安徽,本科
宿州学院,安徽,本科
巢湖学院,安徽,本科
淮南师范学院,安徽,本科
铜陵学院,安徽,本科
安徽科技学院,安徽,本科
安徽三联学院,安徽,本科
合肥学院,安徽,本科
蚌埠学院,安徽,本科
池州学院,安徽,本科
安徽文达信息工程学院,安徽,本科
安徽外国语学院,安徽,本科
合肥师范学院,安徽,本科
安徽新华学院,安徽,本科
安庆医药高等专科学校,安徽,专科
桐城师范高等专科学校,安徽,专科
合肥幼儿师范高等专科学校,安徽,专科
安徽中医药高等专科学校,安徽,专科
安徽医学高等专科学校,安徽,专科
亳州师范高等专科学校,安徽,专科
马鞍山师范高等专科学校,安徽,专科
安徽职业技术学院,安徽,专科
淮北职业技术学院,安徽,专科
芜湖职业技术学院,安徽,专科
淮南联合大学,安徽,专科
合肥职业技术学院,安徽,专科
民办合肥滨湖职业技术学院,安徽,专科
民办合肥财经职业学院,安徽,专科
安徽涉外经济职业学院,安徽,专科
安徽绿海商务职业学院,安徽,专科
合肥共达职业技术学院,安徽,专科
蚌埠经济技术职业学院,安徽,专科
民办安徽旅游职业学院,安徽,专科
徽商职业学院,安徽,专科
马鞍山职业技术学院,安徽,专科
安徽现代信息工程职业学院,安徽,专科
安徽矿业职业技术学院,安徽,专科
合肥信息技术职业学院,安徽,专科
黄山职业技术学院,安徽,专科
滁州城市职业学院,安徽,专科
安徽汽车职业技术学院,安徽,专科
皖西卫生职业学院,安徽,专科
安徽长江职业学院,安徽,专科
安徽扬子职业技术学院,安徽,专科
安徽黄梅戏艺术职业学院,安徽,专科
安徽粮食工程职业学院,安徽,专科
安徽人口职业学院,安徽,专科
合肥科技职业学院,安徽,专科
安徽商贸职业技术学院,安徽,专科
安徽水利水电职业技术学院,安徽,专科
阜阳职业技术学院,安徽,专科
铜陵职业技术学院,安徽,专科
民办万博科技职业学院,安徽,专科
安徽警官职业学院,安徽,专科
淮南职业技术学院,安徽,专科
安徽工业经济职业技术学院,安徽,专科
合肥通用职业技术学院,安徽,专科
安徽工贸职业技术学院,安徽,专科
宿州职业技术学院,安徽,专科
六安职业技术学院,安徽,专科
安徽电子信息职业技术学院,安徽,专科
民办合肥经济技术职业学院,安徽,专科
安徽交通职业技术学院,安徽,专科
安徽体育运动职业技术学院,安徽,专科
滁州职业技术学院,安徽,专科
池州职业技术学院,安徽,专科
宣城职业技术学院,安徽,专科
安徽广播影视职业技术学院,安徽,专科
安徽电气工程职业技术学院,安徽,专科
安徽冶金科技职业学院,安徽,专科
安徽城市管理职业学院,安徽,专科
安徽机电职业技术学院,安徽,专科
安徽工商职业学院,安徽,专科
安徽中澳科技职业学院,安徽,专科
阜阳科技职业学院,安徽,专科
亳州职业技术学院,安徽,专科
安徽国防科技职业学院,安徽,专科
安庆职业技术学院,安徽,专科
安徽艺术职业学院,安徽,专科
安徽财贸职业学院,安徽,专科
安徽国际商务职业学院,安徽,专科
安徽公安职业学院,安徽,专科
安徽林业职业技术学院,安徽,专科
安徽审计职业学院,安徽,专科
安徽新闻出版职业技术学院,安徽,专科
安徽邮电职业技术学院,安徽,专科
安徽工业职业技术学院,安徽,专科
厦门大学,福建,本科
华侨大学,福建,本科
福州大学,福建,本科
福建农林大学,福建,本科
集美大学,福建,本科
福建医科大学,福建,本科
福建中医药大学,福建,本科
福建师范大学,福建,本科
闽南师范大学,福建,本科
仰恩大学,福建,本科
福建工程学院,福建,本科
闽江学院,福建,本科
武夷学院,福建,本科
宁德师范学院,福建,本科
泉州师范学院,福建,本科
厦门理工学院,福建,本科
三明学院,福建,本科
龙岩学院,福建,本科
福建警察学院,福建,本科
莆田学院,福建,本科
闽南理工学院,福建,本科
福州外语外贸学院,福建,本科
福建江夏学院,福建,本科
福建商业高等专科学校,福建,专科
福建幼儿师范高等专科学校,福建,专科
泉州幼儿师范高等专科学校,福建,专科
闽江师范高等专科学校,福建,专科
厦门医学高等专科学校,福建,专科
泉州医学高等专科学校,福建,专科
福建船政交通职业学院,福建,专科
漳州职业技术学院,福建,专科
黎明职业大学,福建,专科
福建华南女子职业学院,福建,专科
福建卫生职业技术学院,福建,专科
福建生物工程职业技术学院,福建,专科
福建艺术职业学院,福建,专科
厦门城市职业学院,福建,专科
德化陶瓷职业技术学院,福建,专科
宁德职业技术学院,福建,专科
厦门软件职业技术学院,福建,专科
福建体育职业技术学院,福建,专科
漳州城市职业学院,福建,专科
厦门南洋职业学院,福建,专科
厦门东海职业技术学院,福建,专科
漳州科技职业学院,福建,专科
漳州理工职业学院,福建,专科
武夷山职业学院,福建,专科
漳州卫生职业学院,福建,专科
泉州泰山航海职业学院,福建,专科
泉州轻工职业学院,福建,专科
厦门安防科技职业学院,福建,专科
闽西职业技术学院,福建,专科
福州职业技术学院,福建,专科
福建林业职业技术学院,福建,专科
福建信息职业技术学院,福建,专科
福建水利电力职业技术学院,福建,专科
福建电力职业技术学院,福建,专科
厦门海洋职业技术学院,福建,专科
福建农业职业技术学院,福建,专科
福州英华职业学院,福建,专科
厦门华厦职业学院,福建,专科
泉州纺织服装职业学院,福建,专科
泉州华光摄影艺术职业学院,福建,专科
泉州理工职业学院,福建,专科
福建警官职业学院,福建,专科
闽北职业技术学院,福建,专科
福州黎明职业技术学院,福建,专科
泉州信息职业技术学院,福建,专科
厦门演艺职业学院,福建,专科
厦门华天涉外职业技术学院,福建,专科
福州科技职业技术学院,福建,专科
泉州经贸职业技术学院,福建,专科
福建对外经济贸易职业技术学院,福建,专科
湄洲湾职业技术学院,福建,专科
福州海峡职业技术学院,福建,专科
三明职业技术学院,福建,专科
福州软件职业技术学院,福建,专科
厦门兴才职业技术学院,福建,专科
南昌大学,江西,本科
华东交通大学,江西,本科
东华理工大学,江西,本科
南昌航空大学,江西,本科
江西理工大学,江西,本科
江西农业大学,江西,本科
江西中医药大学,江西,本科
江西师范大学,江西,本科
井冈山大学,江西,本科
江西财经大学,江西,本科
江西科技师范大学,江西,本科
景德镇陶瓷学院,江西,本科
赣南医学院,江西,本科
上饶师范学院,江西,本科
宜春学院,江西,本科
赣南师范学院,江西,本科
江西科技学院,江西,本科
景德镇学院,江西,本科
萍乡学院,江西,本科
南昌工程学院,江西,本科
江西警察学院,江西,本科
新余学院,江西,本科
九江学院,江西,本科
江西服装学院,江西,本科
南昌工学院,江西,本科
南昌师范学院,江西,本科
南昌理工学院,江西,本科
江西医学高等专科学校,江西,专科
赣州师范高等专科学校,江西,专科
南昌师范高等专科学校,江西,专科
江西中医药高等专科学校,江西,专科
江西工业职业技术学院,江西,专科
九江职业大学,江西,专科
九江职业技术学院,江西,专科
南昌职业学院,江西,专科
江西太阳能科技职业学院,江西,专科
江西枫林涉外经贸职业学院,江西,专科
江西泰豪动漫职业学院,江西,专科
江西冶金职业技术学院,江西,专科
江西管理职业学院,江西,专科
江西新闻出版职业技术学院,江西,专科
江西工商职业技术学院,江西,专科
景德镇陶瓷职业技术学院,江西,专科
共青科技职业学院,江西,专科
江西水利职业学院,江西,专科
江西渝州科技职业学院,江西,专科
江西司法警官职业学院,江西,专科
江西陶瓷工艺美术职业技术学院,江西,专科
江西旅游商贸职业学院,江西,专科
江西电力职业技术学院,江西,专科
江西环境工程职业学院,江西,专科
江西艺术职业学院,江西,专科
鹰潭职业技术学院,江西,专科
江西城市职业学院,江西,专科
江西信息应用职业技术学院,江西,专科
江西交通职业技术学院,江西,专科
江西财经职业学院,江西,专科
江西应用技术职业学院,江西,专科
江西现代职业技术学院,江西,专科
江西工业工程职业技术学院,江西,专科
江西机电职业技术学院,江西,专科
江西科技职业学院,江西,专科
江西外语外贸职业学院,江西,专科
江西工业贸易职业技术学院,江西,专科
宜春职业技术学院,江西,专科
江西应用工程职业学院,江西,专科
江西生物科技职业学院,江西,专科
江西建设职业技术学院,江西,专科
抚州职业技术学院,江西,专科
江西先锋软件职业技术学院,江西,专科
江西经济管理职业学院,江西,专科
江西制造职业技术学院,江西,专科
江西工程职业学院,江西,专科
江西青年职业学院,江西,专科
上饶职业技术学院,江西,专科
江西航空职业技术学院,江西,专科
江西农业工程职业学院,江西,专科
赣西科技职业学院,江西,专科
江西护理职业技术学院,江西,专科
山东大学,山东,本科
中国海洋大学,山东,本科
山东科技大学,山东,本科
青岛科技大学,山东,本科
济南大学,山东,本科
青岛理工大学,山东,本科
山东建筑大学,山东,本科
齐鲁工业大学,山东,本科
山东理工大学,山东,本科
山东农业大学,山东,本科
青岛农业大学,山东,本科
山东中医药大学,山东,本科
山东师范大学,山东,本科
曲阜师范大学,山东,本科
聊城大学,山东,本科
鲁东大学,山东,本科
临沂大学,山东,本科
山东财经大学,山东,本科
青岛大学,山东,本科
烟台大学,山东,本科
潍坊医学院,山东,本科
泰山医学院,山东,本科
滨州医学院,山东,本科
济宁医学院,山东,本科
德州学院,山东,本科
滨州学院,山东,本科
泰山学院,山东,本科
济宁学院,山东,本科
菏泽学院,山东,本科
山东体育学院,山东,本科
山东艺术学院,山东,本科
山东万杰医学院,山东,本科
青岛滨海学院,山东,本科
枣庄学院,山东,本科
山东工艺美术学院,山东,本科
潍坊学院,山东,本科
山东警察学院,山东,本科
山东交通学院,山东,本科
山东工商学院,山东,本科
山东女子学院,山东,本科
潍坊科技学院,山东,本科
山东英才学院,山东,本科
青岛黄海学院,山东,本科
山东协和学院,山东,本科
青岛工学院,山东,本科
齐鲁师范学院,山东,本科
山东青年政治学院,山东,本科
山东管理学院,山东,本科
山东农业工程学院,山东,本科
烟台南山学院,山东,本科
山东政法学院,山东,本科
山东医学高等专科学校,山东,专科
菏泽医学专科学校,山东,专科
山东电力高等专科学校,山东,专科
济南幼儿师范高等专科学校,山东,专科
淄博师范高等专科学校,山东,专科
山东中医药高等专科学校,山东,专科
山东商业职业技术学院,山东,专科
日照职业技术学院,山东,专科
山东职业学院,山东,专科
烟台工程职业技术学院,山东,专科
德州职业技术学院,山东,专科
菏泽家政职业学院,山东,专科
山东传媒职业学院,山东,专科
临沂职业学院,山东,专科
枣庄职业学院,山东,专科
山东理工职业学院,山东,专科
山东文化产业职业学院,山东,专科
青岛远洋船员职业学院,山东,专科
济南护理职业学院,山东,专科
泰山护理职业学院,山东,专科
山东海事职业学院,山东,专科
潍坊护理职业学院,山东,专科
潍坊工程职业学院,山东,专科
菏泽职业学院,山东,专科
曲阜远东职业技术学院,山东,专科
青岛职业技术学院,山东,专科
威海职业学院,山东,专科
山东劳动职业技术学院,山东,专科
莱芜职业技术学院,山东,专科
济宁职业技术学院,山东,专科
潍坊职业学院,山东,专科
烟台职业学院,山东,专科
东营职业学院,山东,专科
聊城职业技术学院,山东,专科
滨州职业学院,山东,专科
山东科技职业学院,山东,专科
山东服装职业学院,山东,专科
德州科技职业学院,山东,专科
山东力明科技职业学院,山东,专科
山东圣翰财贸职业学院,山东,专科
山东水利职业学院,山东,专科
山东畜牧兽医职业学院,山东,专科
青岛飞洋职业技术学院,山东,专科
山东大王职业学院,山东,专科
山东交通职业学院,山东,专科
淄博职业学院,山东,专科
山东外贸职业学院,山东,专科
青岛酒店管理职业技术学院,山东,专科
山东信息职业技术学院,山东,专科
青岛港湾职业技术学院,山东,专科
青岛恒星职业技术学院,山东,专科
山东胜利职业学院,山东,专科
山东经贸职业学院,山东,专科
山东工业职业学院,山东,专科
山东化工职业学院,山东,专科
青岛求实职业技术学院,山东,专科
山东现代职业学院,山东,专科
济南职业学院,山东,专科
山东凯文科技职业学院,山东,专科
山东外国语职业学院,山东,专科
潍坊工商职业学院,山东,专科
枣庄科技职业学院,山东,专科
济南工程职业技术学院,山东,专科
山东电子职业技术学院,山东,专科
山东华宇职业技术学院,山东,专科
山东旅游职业学院,山东,专科
山东铝业职业学院,山东,专科
山东杏林科技职业学院,山东,专科
泰山职业技术学院,山东,专科
山东外事翻译职业学院,山东,专科
山东药品食品职业学院,山东,专科
山东商务职业学院,山东,专科
山东丝绸纺织职业学院,山东,专科
山东城市建设职业学院,山东,专科
烟台汽车工程职业学院,山东,专科
山东司法警官职业学院,山东,专科
华北水利水电大学,河南,本科
郑州大学,河南,本科
河南理工大学,河南,本科
河南工业大学,河南,本科
河南科技大学,河南,本科
河南农业大学,河南,本科
河南大学,河南,本科
河南师范大学,河南,本科
河南财经政法大学,河南,本科
铁道警察学院,河南,本科
郑州轻工业学院,河南,本科
中原工学院,河南,本科
河南科技学院,河南,本科
河南牧业经济学院,河南,本科
河南中医学院,河南,本科
新乡医学院,河南,本科
信阳师范学院,河南,本科
周口师范学院,河南,本科
安阳师范学院,河南,本科
许昌学院,河南,本科
南阳师范学院,河南,本科
洛阳师范学院,河南,本科
商丘师范学院,河南,本科
郑州航空工业管理学院,河南,本科
新乡学院,河南,本科
黄淮学院,河南,本科
平顶山学院,河南,本科
信阳农林学院,河南,本科
安阳工学院,河南,本科
洛阳理工学院,河南,本科
河南工程学院,河南,本科
南阳理工学院,河南,本科
河南城建学院,河南,本科
河南警察学院,河南,本科
黄河科技学院,河南,本科
郑州科技学院,河南,本科
郑州华信学院,河南,本科
郑州师范学院,河南,本科
商丘工学院,河南,本科
商丘学院,河南,本科
郑州成功财经学院,河南,本科
郑州升达经贸管理学院,河南,本科
河南机电高等专科学校,河南,专科
河南财政税务高等专科学校,河南,专科
郑州电力高等专科学校,河南,专科
郑州幼儿师范高等专科学校,河南,专科
安阳幼儿师范高等专科学校,河南,专科
河南医学高等专科学校,河南,专科
郑州澍青医学高等专科学校,河南,专科
焦作师范高等专科学校,河南,专科
漯河医学高等专科学校,河南,专科
南阳医学高等专科学校,河南,专科
商丘医学高等专科学校,河南,专科
河南职业技术学院,河南,专科
漯河职业技术学院,河南,专科
三门峡职业技术学院,河南,专科
郑州铁路职业技术学院,河南,专科
中州大学,河南,专科
开封大学,河南,专科
焦作大学,河南,专科
黄河水利职业技术学院,河南,专科
河南工业和信息化职业学院,河南,专科
河南水利与环境职业学院,河南,专科
河南信息统计职业学院,河南,专科
河南林业职业学院,河南,专科
郑州电力职业技术学院,河南,专科
周口科技职业学院,河南,专科
河南建筑职业技术学院,河南,专科
漯河食品职业学院,河南,专科
郑州城市职业学院,河南,专科
安阳职业技术学院,河南,专科
新乡职业技术学院,河南,专科
驻马店职业技术学院,河南,专科
焦作工贸职业学院,河南,专科
许昌陶瓷职业学院,河南,专科
郑州理工职业学院,河南,专科
郑州信息工程职业学院,河南,专科
长垣烹饪职业技术学院,河南,专科
开封文化艺术职业学院,河南,专科
河南化工职业学院,河南,专科
河南艺术职业学院,河南,专科
河南机电职业学院,河南,专科
河南护理职业学院,河南,专科
许昌电气职业学院,河南,专科
信阳涉外职业技术学院,河南,专科
鹤壁汽车工程职业学院,河南,专科
南阳职业学院,河南,专科
郑州商贸旅游职业学院,河南,专科
河南推拿职业学院,河南,专科
洛阳职业技术学院,河南,专科
郑州黄河护理职业学院,河南,专科
郑州财税金融职业学院,河南,专科
南阳农业职业学院,河南,专科
洛阳科技职业学院,河南,专科
濮阳职业技术学院,河南,专科
许昌职业技术学院,河南,专科
商丘职业技术学院,河南,专科
平顶山工业职业技术学院,河南,专科
周口职业技术学院,河南,专科
济源职业技术学院,河南,专科
河南司法警官职业学院,河南,专科
鹤壁职业技术学院,河南,专科
河南工业职业技术学院,河南,专科
郑州经贸职业学院,河南,专科
郑州交通职业学院,河南,专科
河南检察职业学院,河南,专科
河南质量工程职业学院,河南,专科
郑州信息科技职业学院,河南,专科
郑州电子信息职业技术学院,河南,专科
信阳职业技术学院,河南,专科
嵩山少林武术职业学院,河南,专科
郑州工业安全职业学院,河南,专科
永城职业学院,河南,专科
河南经贸职业学院,河南,专科
河南交通职业技术学院,河南,专科
河南农业职业学院,河南,专科
郑州旅游职业学院,河南,专科
郑州职业技术学院,河南,专科
河南工业贸易职业学院,河南,专科
武汉大学,湖北,本科
华中科技大学,湖北,本科
中国地质大学,湖北,本科
武汉理工大学,湖北,本科
华中农业大学,湖北,本科
华中师范大学,湖北,本科
中南财经政法大学,湖北,本科
中南民族大学,湖北,本科
武汉科技大学,湖北,本科
长江大学,湖北,本科
武汉工程大学,湖北,本科
武汉纺织大学,湖北,本科
武汉轻工大学,湖北,本科
湖北工业大学,湖北,本科
湖北中医药大学,湖北,本科
湖北大学,湖北,本科
江汉大学,湖北,本科
三峡大学,湖北,本科
湖北师范学院,湖北,本科
黄冈师范学院,湖北,本科
湖北民族学院,湖北,本科
湖北文理学院,湖北,本科
武汉体育学院,湖北,本科
湖北美术学院,湖北,本科
湖北汽车工业学院,湖北,本科
湖北工程学院,湖北,本科
湖北理工学院,湖北,本科
湖北科技学院,湖北,本科
湖北医药学院,湖北,本科
湖北警官学院,湖北,本科
武汉音乐学院,湖北,本科
湖北经济学院,湖北,本科
武汉商学院,湖北,本科
武汉东湖学院,湖北,本科
汉口学院,湖北,本科
武昌理工学院,湖北,本科
武昌工学院,湖北,本科
武汉长江工商学院,湖北,本科
湖北第二师范学院,湖北,本科
荆楚理工学院,湖北,本科
武汉生物工程学院,湖北,本科
郧阳师范高等专科学校,湖北,专科
湖北幼儿师范高等专科学校,湖北,专科
湖北中医药高等专科学校,湖北,专科
武汉职业技术学院,湖北,专科
黄冈职业技术学院,湖北,专科
长江职业学院,湖北,专科
荆州理工职业学院,湖北,专科
湖北工业职业技术学院,湖北,专科
鄂州职业大学,湖北,专科
武汉城市职业学院,湖北,专科
湖北职业技术学院,湖北,专科
武汉船舶职业技术学院,湖北,专科
襄阳职业技术学院,湖北,专科
武汉工程职业技术学院,湖北,专科
武昌职业学院,湖北,专科
三峡电力职业学院,湖北,专科
湖北科技职业学院,湖北,专科
湖北青年职业学院,湖北,专科
黄石职业技术学院,湖北,专科
三峡旅游职业技术学院,湖北,专科
天门职业学院,湖北,专科
湖北体育职业学院,湖北,专科
襄阳汽车职业技术学院,湖北,专科
恩施职业技术学院,湖北,专科
武汉工贸职业学院,湖北,专科
荆州职业技术学院,湖北,专科
仙桃职业学院,湖北,专科
湖北轻工职业技术学院,湖北,专科
湖北交通职业技术学院,湖北,专科
武汉航海职业技术学院,湖北,专科
武汉铁路职业技术学院,湖北,专科
武汉软件工程职业学院,湖北,专科
湖北三峡职业技术学院,湖北,专科
随州职业技术学院,湖北,专科
武汉电力职业技术学院,湖北,专科
湖北水利水电职业技术学院,湖北,专科
湖北城市建设职业技术学院,湖北,专科
武汉警官职业学院,湖北,专科
湖北生物科技职业学院,湖北,专科
湖北开放职业学院,湖北,专科
武汉科技职业学院,湖北,专科
武汉外语外事职业学院,湖北,专科
武汉信息传播职业技术学院,湖北,专科
武汉商贸职业学院,湖北,专科
湖北艺术职业学院,湖北,专科
武汉交通职业学院,湖北,专科
咸宁职业技术学院,湖北,专科
长江工程职业技术学院,湖北,专科
江汉艺术职业学院,湖北,专科
武汉工业职业技术学院,湖北,专科
武汉民政职业学院,湖北,专科
鄂东职业技术学院,湖北,专科
湖北财税职业学院,湖北,专科
黄冈科技职业学院,湖北,专科
湖北国土资源职业学院,湖北,专科
湖北生态工程职业技术学院,湖北,专科
湖南大学,湖南,本科
中南大学,湖南,本科
湘潭大学,湖南,本科
吉首大学,湖南,本科
湖南科技大学,湖南,本科
长沙理工大学,湖南,本科
湖南农业大学,湖南,本科
湖南中医药大学,湖南,本科
湖南师范大学,湖南,本科
南华大学,湖南,本科
湖南工业大学,湖南,本科
中南林业科技大学,湖南,本科
湖南理工学院,湖南,本科
湘南学院,湖南,本科
衡阳师范学院,湖南,本科
邵阳学院,湖南,本科
怀化学院,湖南,本科
湖南文理学院,湖南,本科
湖南科技学院,湖南,本科
湖南人文科技学院,湖南,本科
湖南商学院,湖南,本科
长沙医学院,湖南,本科
长沙学院,湖南,本科
湖南工程学院,湖南,本科
湖南城市学院,湖南,本科
湖南工学院,湖南,本科
湖南财政经济学院,湖南,本科
湖南警察学院,湖南,本科
湖南女子学院,湖南,本科
湖南第一师范学院,湖南,本科
长沙师范学院,湖南,本科
湖南涉外经济学院,湖南,本科
株洲师范高等专科学校,湖南,专科
湖南税务高等专科学校,湖南,专科
湖南幼儿师范高等专科学校,湖南,专科
怀化医学高等专科学校,湖南,专科
湖南中医药高等专科学校,湖南,专科
邵阳医学高等专科学校,湖南,专科
益阳医学高等专科学校,湖南,专科
长沙航空职业技术学院,湖南,专科
长沙民政职业技术学院,湖南,专科
湖南工业职业技术学院,湖南,专科
湖南信息职业技术学院,湖南,专科
湖南环境生物职业技术学院,湖南,专科
湖南冶金职业技术学院,湖南,专科
湖南生物机电职业技术学院,湖南,专科
湖南外贸职业学院,湖南,专科
湖南邮电职业技术学院,湖南,专科
湖南高速铁路职业技术学院,湖南,专科
湖南电气职业技术学院,湖南,专科
湖南外国语职业学院,湖南,专科
湖南都市职业学院,湖南,专科
湖南电子科技职业学院,湖南,专科
湖南科技工业职业技术学院,湖南,专科
湖南高尔夫旅游职业学院,湖南,专科
湖南工商职业学院,湖南,专科
湖南三一工业职业技术学院,湖南,专科
长沙卫生职业学院,湖南,专科
湖南食品药品职业学院,湖南,专科
湖南有色金属职业技术学院,湖南,专科
湖南吉利汽车职业技术学院,湖南,专科
湖南大众传媒职业技术学院,湖南,专科
永州职业技术学院,湖南,专科
湖南铁道职业技术学院,湖南,专科
湖南科技职业学院,湖南,专科
湖南交通职业技术学院,湖南,专科
湖南商务职业技术学院,湖南,专科
湖南体育职业学院,湖南,专科
湖南工程职业技术学院,湖南,专科
保险职业学院,湖南,专科
湖南网络工程职业学院,湖南,专科
邵阳职业技术学院,湖南,专科
湖南司法警官职业学院,湖南,专科
长沙商贸旅游职业技术学院,湖南,专科
湘潭职业技术学院,湖南,专科
郴州职业技术学院,湖南,专科
娄底职业技术学院,湖南,专科
张家界航空工业职业技术学院,湖南,专科
长沙环境保护职业技术学院,湖南,专科
湖南艺术职业学院,湖南,专科
湖南机电职业技术学院,湖南,专科
长沙职业技术学院,湖南,专科
怀化职业技术学院,湖南,专科
岳阳职业技术学院,湖南,专科
常德职业技术学院,湖南,专科
长沙南方职业学院,湖南,专科
潇湘职业学院,湖南,专科
湖南化工职业技术学院,湖南,专科
湖南城建职业技术学院,湖南,专科
湖南石油化工职业技术学院,湖南,专科
湖南民族职业学院,湖南,专科
湘西民族职业技术学院,湖南,专科
衡阳财经工业职业技术学院,湖南,专科
益阳职业技术学院,湖南,专科
湖南同德职业学院,湖南,专科
湖南信息科学职业学院,湖南,专科
湖南工艺美术职业学院,湖南,专科
湖南九嶷职业技术学院,湖南,专科
湖南理工职业技术学院,湖南,专科
湖南科技经贸职业学院,湖南,专科
湖南软件职业学院,湖南,专科
株洲职业技术学院,湖南,专科
长沙电力职业技术学院,湖南,专科
湖南水利水电职业技术学院,湖南,专科
湖南现代物流职业技术学院,湖南,专科
湖南铁路科技职业技术学院,湖南,专科
湖南安全技术职业学院,湖南,专科
中山大学,广东,本科
华南理工大学,广东,本科
暨南大学,广东,本科
汕头大学,广东,本科
华南农业大学,广东,本科
广东海洋大学,广东,本科
广州医科大学,广东,本科
广州中医药大学,广东,本科
华南师范大学,广东,本科
深圳大学,广东,本科
广州大学,广东,本科
五邑大学,广东,本科
广东工业大学,广东,本科
广东外语外贸大学,广东,本科
南方科技大学,广东,本科
北京师范大学-香港浸会大学联合国际学院,广东,本科
南方医科大学,广东,本科
广东财经大学,广东,本科
广东医学院,广东,本科
广东药学院,广东,本科
韶关学院,广东,本科
惠州学院,广东,本科
韩山师范学院,广东,本科
湛江师范学院,广东,本科
肇庆学院,广东,本科
嘉应学院,广东,本科
广州体育学院,广东,本科
广州美术学院,广东,本科
星海音乐学院,广东,本科
广东技术师范学院,广东,本科
广东白云学院,广东,本科
广州航海学院,广东,本科
广东警官学院,广东,本科
仲恺农业工程学院,广东,本科
广东金融学院,广东,本科
广东石油化工学院,广东,本科
东莞理工学院,广东,本科
佛山科学技术学院,广东,本科
广东培正学院,广东,本科
广东科技学院,广东,本科
广东第二师范学院,广东,本科
民办南华工商学院,广东,专科
私立华联学院,广东,专科
肇庆医学高等专科学校,广东,专科
广州民航职业技术学院,广东,专科
顺德职业技术学院,广东,专科
广东轻工职业技术学院,广东,专科
广东交通职业技术学院,广东,专科
广东水利电力职业技术学院,广东,专科
潮汕职业技术学院,广东,专科
深圳职业技术学院,广东,专科
广州番禺职业技术学院,广东,专科
南海东软信息技术职业学院,广东,专科
广东科贸职业学院,广东,专科
广州科技贸易职业学院,广东,专科
中山职业技术学院,广东,专科
广州珠江职业技术学院,广东,专科
广州松田职业学院,广东,专科
广东职业技术学院,广东,专科
广东文理职业学院,广东,专科
广州城建职业学院,广东,专科
东莞职业技术学院,广东,专科
广东南方职业学院,广东,专科
广州华商职业学院,广东,专科
广州华夏职业学院,广东,专科
广东环境保护工程职业学院,广东,专科
广东青年职业学院,广东,专科
广州东华职业学院,广东,专科
广东创新科技职业学院,广东,专科
广东舞蹈戏剧职业学院,广东,专科
惠州卫生职业技术学院,广东,专科
广东信息工程职业学院,广东,专科
广东财经职业学院,广东,专科
广东松山职业技术学院,广东,专科
广东农工商职业技术学院,广东,专科
广东新安职业技术学院,广东,专科
佛山职业技术学院,广东,专科
广东科学技术职业学院,广东,专科
广东食品药品职业学院,广东,专科
广州康大职业技术学院,广东,专科
珠海艺术职业学院,广东,专科
广东行政职业学院,广东,专科
广东体育职业技术学院,广东,专科
广东建设职业技术学院,广东,专科
广东女子职业技术学院,广东,专科
广东机电职业技术学院,广东,专科
广东岭南职业技术学院,广东,专科
汕尾职业技术学院,广东,专科
罗定职业技术学院,广东,专科
阳江职业技术学院,广东,专科
河源职业技术学院,广东,专科
广东邮电职业技术学院,广东,专科
汕头职业技术学院,广东,专科
揭阳职业技术学院,广东,专科
深圳信息职业技术学院,广东,专科
清远职业技术学院,广东,专科
广东工贸职业技术学院,广东,专科
广东司法警官职业学院,广东,专科
广东亚视演艺职业学院,广东,专科
广东省外语艺术职业学院,广东,专科
广东文艺职业学院,广东,专科
广州体育职业技术学院,广东,专科
广州工程技术职业学院,广东,专科
中山火炬职业技术学院,广东,专科
江门职业技术学院,广东,专科
茂名职业技术学院,广东,专科
珠海城市职业技术学院,广东,专科
广州工商职业技术学院,广东,专科
广州涉外经济职业技术学院,广东,专科
广州南洋理工职业学院,广东,专科
广州科技职业技术学院,广东,专科
惠州经济职业技术学院,广东,专科
肇庆科技职业技术学院,广东,专科
肇庆工商职业技术学院,广东,专科
广州现代信息工程职业技术学院,广东,专科
广东理工职业学院,广东,专科
广州华南商贸职业学院,广东,专科
广州华立科技职业学院,广东,专科
广州城市职业学院,广东,专科
广东工程职业技术学院,广东,专科
广州铁路职业技术学院,广东,专科
广西大学,广西,本科
广西科技大学,广西,本科
桂林电子科技大学,广西,本科
桂林理工大学,广西,本科
广西医科大学,广西,本科
广西中医药大学,广西,本科
广西师范大学,广西,本科
广西民族大学,广西,本科
右江民族医学院,广西,本科
桂林医学院,广西,本科
广西师范学院,广西,本科
广西民族师范学院,广西,本科
河池学院,广西,本科
玉林师范学院,广西,本科
广西艺术学院,广西,本科
百色学院,广西,本科
广西财经学院,广西,本科
南宁学院,广西,本科
钦州学院,广西,本科
桂林航天工业学院,广西,本科
贺州学院,广西,本科
广西外国语学院,广西,本科
梧州学院,广西,本科
广西体育高等专科学校,广西,专科
柳州师范高等专科学校,广西,专科
桂林旅游高等专科学校,广西,专科
广西幼儿师范高等专科学校,广西,专科
桂林师范高等专科学校,广西,专科
广西警官高等专科学校,广西,专科
广西机电职业技术学院,广西,专科
南宁职业技术学院,广西,专科
广西职业技术学院,广西,专科
柳州职业技术学院,广西,专科
柳州铁道职业技术学院,广西,专科
广西现代职业技术学院,广西,专科
柳州城市职业学院,广西,专科
百色职业学院,广西,专科
广西工程职业学院,广西,专科
广西理工职业技术学院,广西,专科
梧州职业学院,广西,专科
广西经济职业学院,广西,专科
广西科技职业学院,广西,专科
广西卫生职业技术学院,广西,专科
广西培贤国际职业学院,广西,专科
广西水利电力职业技术学院,广西,专科
广西生态工程职业技术学院,广西,专科
广西交通职业技术学院,广西,专科
广西工业职业技术学院,广西,专科
广西国际商务职业技术学院,广西,专科
广西农业职业技术学院,广西,专科
广西建设职业技术学院,广西,专科
贵港职业学院,广西,专科
北海职业学院,广西,专科
北海艺术设计职业学院,广西,专科
桂林山水职业学院,广西,专科
广西经贸职业技术学院,广西,专科
广西工商职业技术学院,广西,专科
广西演艺职业学院,广西,专科
广西电力职业技术学院,广西,专科
广西城市职业学院,广西,专科
广西英华国际职业学院,广西,专科
海南大学,海南,本科
海南师范大学,海南,本科
琼州学院,海南,本科
海南医学院,海南,本科
海口经济学院,海南,本科
三亚学院,海南,本科
琼台师范高等专科学校,海南,专科
海南工商职业学院,海南,专科
海南科技职业学院,海南,专科
三亚理工职业学院,海南,专科
海南职业技术学院,海南,专科
三亚城市职业学院,海南,专科
海南软件职业技术学院,海南,专科
海南政法职业学院,海南,专科
海南外国语职业学院,海南,专科
海南经贸职业技术学院,海南,专科
三亚航空旅游职业学院,海南,专科
重庆大学,重庆,本科
西南大学,重庆,本科
重庆邮电大学,重庆,本科
重庆交通大学,重庆,本科
重庆医科大学,重庆,本科
重庆师范大学,重庆,本科
西南政法大学,重庆,本科
重庆理工大学,重庆,本科
重庆工商大学,重庆,本科
重庆文理学院,重庆,本科
重庆三峡学院,重庆,本科
长江师范学院,重庆,本科
四川外国语大学,重庆,本科
四川美术学院,重庆,本科
重庆科技学院,重庆,本科
重庆警察学院,重庆,本科
重庆人文科技学院,重庆,本科
重庆第二师范学院,重庆,本科
重庆电力高等专科学校,重庆,专科
重庆幼儿师范高等专科学校,重庆,专科
重庆三峡医药高等专科学校,重庆,专科
重庆医药高等专科学校,重庆,专科
重庆航天职业技术学院,重庆,专科
重庆传媒职业学院,重庆,专科
重庆房地产职业学院,重庆,专科
重庆青年职业技术学院,重庆,专科
重庆财经职业学院,重庆,专科
重庆科创职业学院,重庆,专科
重庆建筑工程职业学院,重庆,专科
重庆电讯职业学院,重庆,专科
重庆能源职业学院,重庆,专科
重庆商务职业学院,重庆,专科
重庆交通职业学院,重庆,专科
重庆化工职业学院,重庆,专科
重庆旅游职业学院,重庆,专科
重庆安全技术职业学院,重庆,专科
重庆公共运输职业学院,重庆,专科
重庆艺术工程职业学院,重庆,专科
重庆轻工职业学院,重庆,专科
重庆电信职业学院,重庆,专科
重庆经贸职业学院,重庆,专科
重庆文化艺术职业学院,重庆,专科
重庆服装工程职业学院,重庆,专科
重庆工业职业技术学院,重庆,专科
重庆三峡职业学院,重庆,专科
重庆工贸职业技术学院,重庆,专科
重庆机电职业技术学院,重庆,专科
重庆正大软件职业技术学院,重庆,专科
重庆电子工程职业学院,重庆,专科
重庆海联职业技术学院,重庆,专科
重庆信息技术职业学院,重庆,专科
重庆城市管理职业学院,重庆,专科
重庆工程职业技术学院,重庆,专科
重庆城市职业学院,重庆,专科
重庆水利电力职业技术学院,重庆,专科
重庆工商职业学院,重庆,专科
重庆民生职业技术学院,重庆,专科
四川大学,四川,本科
西南交通大学,四川,本科
电子科技大学,四川,本科
西南财经大学,四川,本科
西南民族大学,四川,本科
成都理工大学,四川,本科
西南科技大学,四川,本科
西华大学,四川,本科
四川农业大学,四川,本科
成都中医药大学,四川,本科
四川师范大学,四川,本科
西华师范大学,四川,本科
中国民用航空飞行学院,四川,本科
西南石油大学,四川,本科
成都信息工程学院,四川,本科
四川理工学院,四川,本科
西昌学院,四川,本科
泸州医学院,四川,本科
川北医学院,四川,本科
绵阳师范学院,四川,本科
内江师范学院,四川,本科
宜宾学院,四川,本科
四川文理学院,四川,本科
乐山师范学院,四川,本科
成都体育学院,四川,本科
四川音乐学院,四川,本科
成都学院,四川,本科
成都工业学院,四川,本科
攀枝花学院,四川,本科
四川旅游学院,四川,本科
四川民族学院,四川,本科
成都东软学院,四川,本科
四川传媒学院,四川,本科
成都师范学院,四川,本科
四川警察学院,四川,本科
成都医学院,四川,本科
阿坝师范高等专科学校,四川,专科
成都纺织高等专科学校,四川,专科
民办四川天一学院,四川,专科
四川幼儿师范高等专科学校,四川,专科
川北幼儿师范高等专科学校,四川,专科
四川中医药高等专科学校,四川,专科
成都航空职业技术学院,四川,专科
四川工业管理职业学院,四川,专科
四川艺术职业学院,四川,专科
四川科技职业学院,四川,专科
四川财经职业学院,四川,专科
四川城市职业学院,四川,专科
四川现代职业学院,四川,专科
四川长江职业学院,四川,专科
四川三河职业学院,四川,专科
四川卫生康复职业学院,四川,专科
四川电影电视职业学院,四川,专科
四川汽车职业技术学院,四川,专科
巴中职业技术学院,四川,专科
四川希望汽车职业学院,四川,专科
四川电子机械职业技术学院,四川,专科
四川文轩职业学院,四川,专科
四川电力职业技术学院,四川,专科
成都职业技术学院,四川,专科
四川化工职业技术学院,四川,专科
四川水利职业技术学院,四川,专科
南充职业技术学院,四川,专科
内江职业技术学院,四川,专科
四川航天职业技术学院,四川,专科
四川邮电职业技术学院,四川,专科
四川机电职业技术学院,四川,专科
绵阳职业技术学院,四川,专科
四川交通职业技术学院,四川,专科
四川工商职业技术学院,四川,专科
四川工程职业技术学院,四川,专科
四川建筑职业技术学院,四川,专科
达州职业技术学院,四川,专科
四川托普信息技术职业学院,四川,专科
四川国际标榜职业学院,四川,专科
成都农业科技职业学院,四川,专科
宜宾职业技术学院,四川,专科
泸州职业技术学院,四川,专科
眉山职业技术学院,四川,专科
成都艺术职业学院,四川,专科
四川职业技术学院,四川,专科
乐山职业技术学院,四川,专科
雅安职业技术学院,四川,专科
四川商务职业学院,四川,专科
四川司法警官职业学院,四川,专科
广安职业技术学院,四川,专科
四川信息职业技术学院,四川,专科
四川文化传媒职业学院,四川,专科
四川华新现代职业学院,四川,专科
四川管理职业学院,四川,专科
四川文化产业职业学院,四川,专科
贵州大学,贵州,本科
贵州师范大学,贵州,本科
贵州财经大学,贵州,本科
贵州民族大学,贵州,本科
贵阳医学院,贵州,本科
遵义医学院,贵州,本科
贵阳中医学院,贵州,本科
遵义师范学院,贵州,本科
铜仁学院,贵州,本科
兴义民族师范学院,贵州,本科
安顺学院,贵州,本科
毕节学院,贵州,本科
凯里学院,贵州,本科
黔南民族师范学院,贵州,本科
贵阳学院,贵州,本科
六盘水师范学院,贵州,本科
贵州师范学院,贵州,本科
贵州理工学院,贵州,本科
黔南民族医学高等专科学校,贵州,专科
贵州商业高等专科学校,贵州,专科
贵阳幼儿师范高等专科学校,贵州,专科
铜仁幼儿师范高等专科学校,贵州,专科
遵义医药高等专科学校,贵州,专科
贵州工业职业技术学院,贵州,专科
贵阳职业技术学院,贵州,专科
毕节职业技术学院,贵州,专科
贵州职业技术学院,贵州,专科
贵州盛华职业学院,贵州,专科
贵州工商职业学院,贵州,专科
贵州警官职业学院,贵州,专科
贵州交通职业技术学院,贵州,专科
贵州航天职业技术学院,贵州,专科
贵州电子信息职业技术学院,贵州,专科
安顺职业技术学院,贵州,专科
黔东南民族职业技术学院,贵州,专科
黔南民族职业技术学院,贵州,专科
遵义职业技术学院,贵州,专科
贵州亚泰职业学院,贵州,专科
贵州电力职业技术学院,贵州,专科
六盘水职业技术学院,贵州,专科
铜仁职业技术学院,贵州,专科
黔西南民族职业技术学院,贵州,专科
贵州轻工职业技术学院,贵州,专科
贵阳护理职业学院,贵州,专科
云南大学,云南,本科
昆明理工大学,云南,本科
云南农业大学,云南,本科
西南林业大学,云南,本科
昆明医科大学,云南,本科
云南师范大学,云南,本科
云南财经大学,云南,本科
云南民族大学,云南,本科
大理学院,云南,本科
云南中医学院,云南,本科
昆明学院,云南,本科
昭通学院,云南,本科
曲靖师范学院,云南,本科
普洱学院,云南,本科
保山学院,云南,本科
红河学院,云南,本科
云南艺术学院,云南,本科
玉溪师范学院,云南,本科
楚雄师范学院,云南,本科
云南警官学院,云南,本科
文山学院,云南,本科
云南工商学院,云南,本科
昆明冶金高等专科学校,云南,专科
曲靖医学高等专科学校,云南,专科
楚雄医药高等专科学校,云南,专科
保山中医药高等专科学校,云南,专科
丽江师范高等专科学校,云南,专科
德宏师范高等专科学校,云南,专科
临沧师范高等专科学校,云南,专科
云南城市建设职业学院,云南,专科
云南工程职业学院,云南,专科
云南锡业职业技术学院,云南,专科
云南经贸外事职业学院,云南,专科
云南三鑫职业技术学院,云南,专科
德宏职业学院,云南,专科
云南商务职业学院,云南,专科
昆明卫生职业学院,云南,专科
云南现代职业技术学院,云南,专科
云南旅游职业学院,云南,专科
红河卫生职业学院,云南,专科
云南外事外语职业学院,云南,专科
大理农林职业技术学院,云南,专科
云南国土资源职业学院,云南,专科
云南交通职业技术学院,云南,专科
昆明工业职业技术学院,云南,专科
云南农业职业技术学院,云南,专科
云南司法警官职业学院,云南,专科
云南文化艺术职业学院,云南,专科
云南体育运动职业技术学院,云南,专科
云南经济管理职业学院,云南,专科
云南科技信息职业学院,云南,专科
西双版纳职业技术学院,云南,专科
昆明艺术职业学院,云南,专科
玉溪农业职业技术学院,云南,专科
云南能源职业技术学院,云南,专科
云南热带作物职业学院,云南,专科
云南国防工业职业技术学院,云南,专科
云南机电职业技术学院,云南,专科
云南林业职业技术学院,云南,专科
云南新兴职业学院,云南,专科
西藏大学,西藏,本科
西藏民族学院,陕西,本科
西藏藏医学院,西藏,本科
西藏警官高等专科学校,西藏,专科
拉萨师范高等专科学校,西藏,专科
西藏职业技术学院,西藏,专科
西安交通大学,陕西,本科
西安电子科技大学,陕西,本科
长安大学,陕西,本科
西北农林科技大学,陕西,本科
陕西师范大学,陕西,本科
西北工业大学,陕西,本科
西北大学,陕西,本科
西安理工大学,陕西,本科
西安工业大学,陕西,本科
西安建筑科技大学,陕西,本科
西安科技大学,陕西,本科
西安石油大学,陕西,本科
陕西科技大学,陕西,本科
西安工程大学,陕西,本科
延安大学,陕西,本科
西安外国语大学,陕西,本科
西北政法大学,陕西,本科
西安邮电大学,陕西,本科
陕西中医学院,陕西,本科
陕西理工学院,陕西,本科
宝鸡文理学院,陕西,本科
咸阳师范学院,陕西,本科
渭南师范学院,陕西,本科
西安体育学院,陕西,本科
西安音乐学院,陕西,本科
西安美术学院,陕西,本科
西安文理学院,陕西,本科
榆林学院,陕西,本科
商洛学院,陕西,本科
安康学院,陕西,本科
西安培华学院,陕西,本科
西安财经学院,陕西,本科
西安航空学院,陕西,本科
西安医学院,陕西,本科
西安思源学院,陕西,本科
陕西国际商贸学院,陕西,本科
陕西服装工程学院,陕西,本科
陕西学前师范学院,陕西,本科
西安欧亚学院,陕西,本科
西安外事学院,陕西,本科
西安翻译学院,陕西,本科
西京学院,陕西,本科
西安电力高等专科学校,陕西,专科
西安医学高等专科学校,陕西,专科
陕西工业职业技术学院,陕西,专科
杨凌职业技术学院,陕西,专科
西安城市建设职业学院,陕西,专科
陕西工商职业学院,陕西,专科
榆林职业技术学院,陕西,专科
陕西艺术职业学院,陕西,专科
陕西能源职业技术学院,陕西,专科
陕西国防工业职业技术学院,陕西,专科
西安航空职业技术学院,陕西,专科
陕西财经职业技术学院,陕西,专科
陕西交通职业技术学院,陕西,专科
陕西职业技术学院,陕西,专科
西安高新科技职业学院,陕西,专科
陕西铁路工程职业技术学院,陕西,专科
宝鸡职业技术学院,陕西,专科
陕西航空职业技术学院,陕西,专科
西安科技商贸职业学院,陕西,专科
陕西电子信息职业技术学院,陕西,专科
陕西邮电职业技术学院,陕西,专科
西安海棠职业学院,陕西,专科
西安汽车科技职业学院,陕西,专科
西安东方亚太职业技术学院,陕西,专科
陕西警官职业学院,陕西,专科
陕西经济管理职业技术学院,陕西,专科
西安铁路职业技术学院,陕西,专科
咸阳职业技术学院,陕西,专科
西安职业技术学院,陕西,专科
商洛职业技术学院,陕西,专科
汉中职业技术学院,陕西,专科
延安职业技术学院,陕西,专科
渭南职业技术学院,陕西,专科
安康职业技术学院,陕西,专科
铜川职业技术学院,陕西,专科
陕西青年职业学院,陕西,专科
陕西电子科技职业学院,陕西,专科
陕西旅游烹饪职业学院,陕西,专科
兰州大学,甘肃,本科
西北民族大学,甘肃,本科
兰州理工大学,甘肃,本科
兰州交通大学,甘肃,本科
甘肃农业大学,甘肃,本科
西北师范大学,甘肃,本科
甘肃中医学院,甘肃,本科
兰州城市学院,甘肃,本科
陇东学院,甘肃,本科
天水师范学院,甘肃,本科
河西学院,甘肃,本科
兰州商学院,甘肃,本科
甘肃政法学院,甘肃,本科
甘肃民族师范学院,甘肃,本科
兰州文理学院,甘肃,本科
兰州工业学院,甘肃,本科
平凉医学高等专科学校,甘肃,专科
陇南师范高等专科学校,甘肃,专科
定西师范高等专科学校,甘肃,专科
张掖医学高等专科学校,甘肃,专科
兰州石化职业技术学院,甘肃,专科
甘肃钢铁职业技术学院,甘肃,专科
甘肃机电职业技术学院,甘肃,专科
甘肃有色冶金职业技术学院,甘肃,专科
白银矿冶职业技术学院,甘肃,专科
甘肃建筑职业技术学院,甘肃,专科
酒泉职业技术学院,甘肃,专科
兰州外语职业学院,甘肃,专科
兰州职业技术学院,甘肃,专科
甘肃警察职业学院,甘肃,专科
甘肃林业职业技术学院,甘肃,专科
甘肃工业职业技术学院,甘肃,专科
武威职业学院,甘肃,专科
甘肃交通职业技术学院,甘肃,专科
兰州资源环境职业技术学院,甘肃,专科
甘肃农业职业技术学院,甘肃,专科
甘肃畜牧工程职业技术学院,甘肃,专科
青海大学,青海,本科
青海师范大学,青海,本科
青海民族大学,青海,本科
青海卫生职业技术学院,青海,专科
青海警官职业学院,青海,专科
青海畜牧兽医职业技术学院,青海,专科
青海交通职业技术学院,青海,专科
青海建筑职业技术学院,青海,专科
北方民族大学,宁夏,本科
宁夏大学,宁夏,本科
宁夏医科大学,宁夏,本科
宁夏师范学院,宁夏,本科
银川能源学院,宁夏,本科
宁夏理工学院,宁夏,本科
宁夏防沙治沙职业技术学院,宁夏,专科
宁夏民族职业技术学院,宁夏,专科
宁夏工业职业学院,宁夏,专科
宁夏职业技术学院,宁夏,专科
宁夏工商职业技术学院,宁夏,专科
宁夏财经职业技术学院,宁夏,专科
宁夏司法警官职业学院,宁夏,专科
宁夏建设职业技术学院,宁夏,专科
新疆大学,新疆,本科
塔里木大学,新疆,本科
新疆农业大学,新疆,本科
石河子大学,新疆,本科
新疆医科大学,新疆,本科
新疆师范大学,新疆,本科
新疆财经大学,新疆,本科
喀什师范学院,新疆,本科
伊犁师范学院,新疆,本科
新疆艺术学院,新疆,本科
新疆工程学院,新疆,本科
昌吉学院,新疆,本科
新疆警察学院,新疆,本科
和田师范专科学校,新疆,专科
新疆维吾尔医学专科学校,新疆,专科
新疆师范高等专科学校,新疆,专科
新疆兵团警官高等专科学校,新疆,专科
乌鲁木齐职业大学,新疆,专科
新疆职业大学,新疆,专科
新疆体育职业技术学院,新疆,专科
新疆应用职业技术学院,新疆,专科
新疆铁道职业技术学院,新疆,专科
新疆农业职业技术学院,新疆,专科
克拉玛依职业技术学院,新疆,专科
新疆机电职业技术学院,新疆,专科
新疆轻工职业技术学院,新疆,专科
新疆能源职业技术学院,新疆,专科
昌吉职业技术学院,新疆,专科
伊犁职业技术学院,新疆,专科
阿克苏职业技术学院,新疆,专科
巴音郭楞职业技术学院,新疆,专科
新疆建设职业技术学院,新疆,专科
新疆现代职业技术学院,新疆,专科
新疆天山职业技术学院,新疆,专科
新疆交通职业技术学院,新疆,专科
新疆石河子职业技术学院,新疆,专科
